Workbook

Sheet Changing Graphics 
A1: Weekly Weather Forcast | H1: =Data!H2
C4: =Data!B2 -> This Afternoon | D4: =if(Data!C2 = "Rain","🌧", if(Data!C2 = "Chance Rain", "🌧", if(Data!C2 = "Sunny","🌞", if(Data!C2 = "Mostly Clear", "🌥",if(Data!C2 = "Partly Cloudy", "☁", if(Data!C2 = "Rain thenPartly Sunny", "🌦", if(Data!C2 = "ChanceRain/SnowthenRain/Snow","🌨", if(Data!C2 = "Snow", "🌨❄", "Weather not Found")))))))) -> 🌧 | E4: =Data!D2 -> High: 35 °F | F4: =Data!C2 -> Chance Rain | G4: =Data!F2
C5: =Data!B3 -> Tonight | D5: =if(Data!C3 = "Rain","🌧", if(Data!C3 = "Chance Rain", "🌧", if(Data!C3 = "Sunny","🌞", if(Data!C3 = "Mostly Clear", "🌥",if(Data!C3 = "Partly Cloudy", "☁", if(Data!C3 = "Rain thenPartly Sunny", "🌦", if(Data!C3 = "ChanceRain/SnowthenRain/Snow","🌨", if(Data!C3 = "Snow", "🌨❄", "Weather not Found")))))))) -> 🌧 | E5: =Data!D3 -> Low: 34 °F | F5: =Data!C3 -> Rain
C6: =Data!B4 -> Thursday | D6: =if(Data!C4 = "Rain","🌧", if(Data!C4 = "Chance Rain", "🌧", if(Data!C4 = "Sunny","🌞", if(Data!C4 = "Mostly Clear", "🌥",if(Data!C4 = "Partly Cloudy", "☁", if(Data!C4 = "Rain thenPartly Sunny", "🌦", if(Data!C4 = "ChanceRain/SnowthenRain/Snow","🌨", if(Data!C4 = "Snow", "🌨❄", "Weather not Found")))))))) -> 🌦 | E6: =Data!D4 -> High: 53 °F | F6: =Data!C4 -> Rain thenPartly Sunny
C7: =Data!B5 -> Thursday Night | D7: =if(Data!C5 = "Rain","🌧", if(Data!C5 = "Chance Rain", "🌧", if(Data!C5 = "Sunny","🌞", if(Data!C5 = "Mostly Clear", "🌥",if(Data!C5 = "Partly Cloudy", "☁", if(Data!C5 = "Rain thenPartly Sunny", "🌦", if(Data!C5 = "ChanceRain/SnowthenRain/Snow","🌨", if(Data!C5 = "Snow", "🌨❄", "Weather not Found")))))))) -> 🌥 | E7: =Data!D5 -> Low: 24 °F | F7: =Data!C5 -> Mostly Clear
C8: =Data!B6 -> Friday | D8: =if(Data!C6 = "Rain","🌧", if(Data!C6 = "Chance Rain", "🌧", if(Data!C6 = "Sunny","🌞", if(Data!C6 = "Mostly Clear", "🌥",if(Data!C6 = "Partly Cloudy", "☁", if(Data!C6 = "Rain thenPartly Sunny", "🌦", if(Data!C6 = "ChanceRain/SnowthenRain/Snow","🌨", if(Data!C6 = "Snow", "🌨❄", "Weather not Found")))))))) -> 🌞 | E8: =Data!D6 -> High: 39 °F | F8: =Data!C6 -> Sunny
C9: =Data!B7 -> Friday Night | D9: =if(Data!C7 = "Rain","🌧", if(Data!C7 = "Chance Rain", "🌧", if(Data!C7 = "Sunny","🌞", if(Data!C7 = "Mostly Clear", "🌥",if(Data!C7 = "Partly Cloudy", "☁", if(Data!C7 = "Rain thenPartly Sunny", "🌦", if(Data!C7 = "ChanceRain/SnowthenRain/Snow","🌨", if(Data!C7 = "Snow", "🌨❄", "Weather not Found")))))))) -> ☁ | E9: =Data!D7 -> Low: 29 °F | F9: =Data!C7 -> Partly Cloudy
C10: =Data!B8 -> Saturday | D10: =if(Data!C8 = "Rain","🌧", if(Data!C8 = "Chance Rain", "🌧", if(Data!C8 = "Sunny","🌞", if(Data!C8 = "Mostly Clear", "🌥",if(Data!C8 = "Partly Cloudy", "☁", if(Data!C8 = "Rain thenPartly Sunny", "🌦", if(Data!C8 = "ChanceRain/SnowthenRain/Snow","🌨", if(Data!C8 = "Snow", "🌨❄", "Weather not Found")))))))) -> 🌨 | E10: =Data!D8 -> High: 43 °F | F10: =Data!C8 -> ChanceRain/SnowthenRain/Snow
C11: =Data!B9 -> Saturday Night | D11: =if(Data!C9 = "Rain","🌧", if(Data!C9 = "Chance Rain", "🌧", if(Data!C9 = "Sunny","🌞", if(Data!C9 = "Mostly Clear", "🌥",if(Data!C9 = "Partly Cloudy", "☁", if(Data!C9 = "Rain thenPartly Sunny", "🌦", if(Data!C9 = "ChanceRain/SnowthenRain/Snow","🌨", if(Data!C9 = "Snow", "🌨❄", "Weather not Found")))))))) -> 🌧 | E11: =Data!D9 -> Low: 38 °F | F11: =Data!C9 -> Rain
C12: =Data!B10 -> Sunday | D12: =if(Data!C10 = "Rain","🌧", if(Data!C10 = "Chance Rain", "🌧", if(Data!C10 = "Sunny","🌞", if(Data!C10 = "Mostly Clear", "🌥",if(Data!C10 = "Partly Cloudy", "☁", if(Data!C10 = "Rain thenPartly Sunny", "🌦", if(Data!C10 = "ChanceRain/SnowthenRain/Snow","🌨", if(Data!C10 = "Snow", "🌨❄", "Weather not Found")))))))) -> 🌧 | E12: =Data!D10 -> High: 61 °F | F12: =Data!C10 -> Rain
C13: =Data!B11
C14: =Data!B12
C15: =Data!B13
C16: =Data!B14

Sheet Data
B1: Time | C1: Forcast | D1: Temperatures
A2: 0 | B2: This Afternoon | C2: Chance Rain | D2: High: 35 °F
A3: 1 | B3: Tonight | C3: Rain | D3: Low: 34 °F
A4: 2 | B4: Thursday | C4: Rain thenPartly Sunny | D4: High: 53 °F
A5: 3 | B5: Thursday Night | C5: Mostly Clear | D5: Low: 24 °F
A6: 4 | B6: Friday | C6: Sunny | D6: High: 39 °F
A7: 5 | B7: Friday Night | C7: Partly Cloudy | D7: Low: 29 °F
A8: 6 | B8: Saturday | C8: ChanceRain/SnowthenRain/Snow | D8: High: 43 °F
A9: 7 | B9: Saturday Night | C9: Rain | D9: Low: 38 °F
A10: 8 | B10: Sunday | C10: Rain | D10: High: 61 °F
